{"stats":{"minecraft:used":{"minecraft:leather_leggings":1,"minecraft:rose_bush":1,"minecraft:armor_stand":8,"minecraft:bread":3,"minecraft:leather_helmet":1,"minecraft:iron_boots":1,"minecraft:leather_boots":1,"minecraft:cooked_salmon":1},"minecraft:custom":{"minecraft:time_since_rest":17671,"minecraft:waystone_activated":1,"minecraft:interact_with_furnace":6,"minecraft:sprint_one_cm":52387,"minecraft:damage_taken":156,"minecraft:walk_one_cm":23953,"minecraft:damage_dealt":0,"minecraft:fly_one_cm":32504,"minecraft:open_barrel":2,"minecraft:open_chest":16,"minecraft:play_time":17671,"minecraft:sneak_time":18,"minecraft:jump":134,"minecraft:eat_cake_slice":2,"minecraft:interact_with_stonecutter":1,"minecraft:time_since_death":17671,"minecraft:walk_on_water_one_cm":175,"minecraft:total_world_time":17671,"minecraft:interact_with_smoker":3,"minecraft:fall_one_cm":5471},"minecraft:picked_up":{"minecraft:leather_chestplate":4,"minecraft:leather_leggings":4,"minecraft:leather":2,"minecraft:oak_log":2,"minecraft:leather_helmet":4,"minecraft:lantern":1,"minecraft:armor_stand":8,"minecraft:leather_boots":4,"minecraft:experience_bottle":2,"minecraft:rotten_flesh":2,"minecraft:hay_block":5,"minecraft:iron_ingot":1,"minecraft:rose_bush":1,"minecraft:emerald":1,"minecraft:sugar_cane":30,"minecraft:iron_boots":4},"minecraft:crafted":{"minecraft:cooked_cod":5,"minecraft:oak_planks":8,"minecraft:cooked_salmon":2,"minecraft:air":0},"minecraft:mined":{"minecraft:hay_block":5,"minecraft:fire":2,"minecraft:oak_log":2,"minecraft:rose_bush":1,"minecraft:sugar_cane":6}},"DataVersion":3465}