{"stats":{"minecraft:custom":{"minecraft:time_since_rest":10170,"minecraft:open_chest":2,"minecraft:interact_with_smithing_table":1,"minecraft:crouch_one_cm":83,"minecraft:play_time":10170,"minecraft:sprint_one_cm":11194,"minecraft:damage_taken":40,"minecraft:walk_one_cm":28676,"minecraft:sneak_time":59,"minecraft:jump":90,"minecraft:time_since_death":10170,"minecraft:total_world_time":10170,"minecraft:climb_one_cm":646,"minecraft:interact_with_crafting_table":1,"minecraft:fall_one_cm":2455,"minecraft:fly_one_cm":11172},"minecraft:picked_up":{"minecraft:experience_bottle":1,"minecraft:iron_ingot":2,"minecraft:white_dye":1,"minecraft:gold_ingot":2,"minecraft:white_bed":2,"minecraft:redstone":2},"minecraft:mined":{"minecraft:white_bed":2,"minecraft:fire":4,"minecraft:oak_leaves":2}},"DataVersion":3465}