{
  "repurposed_structures:root": {
    "criteria": {
      "always": "2024-08-25 02:14:17 +0000"
    },
    "done": true
  },
  "minecraft:recipes/decorations/crafting_table": {
    "criteria": {
      "unlock_right_away": "2024-08-25 02:14:17 +0000"
    },
    "done": true
  },
  "iceandfire:iceandfire/root": {
    "criteria": {
      "tick": "2024-08-25 02:14:17 +0000"
    },
    "done": true
  },
  "mca:root": {
    "criteria": {
      "village_plains": "2024-08-25 02:17:58 +0000"
    },
    "done": true
  },
  "minecraft:adventure/adventuring_time": {
    "criteria": {
      "minecraft:forest": "2024-08-25 02:17:58 +0000",
      "minecraft:desert": "2024-08-25 02:14:18 +0000"
    },
    "done": false
  },
  "DataVersion": 3465
}